description,img_url,filepath
つばめなお店を発見。,http://img.ly/system/uploads/008/412/784/original_imageUpdate.,img_marinecute/つばめなお店を発見。.
ビューティ。,http://img.ly/system/uploads/008/414/565/original_imageUpdate.,img_marinecute/ビューティ。.
図書館から借りてきた『思い出のマーニー』を読んでる。,http://img.ly/system/uploads/008/437/045/original_imageUpdate.,img_marinecute/図書館から借りてきた『思い出のマーニー』を読んでる。.
先月号のなかよしのプレゼントに応募したら当たった…！,http://img.ly/system/uploads/008/426/962/original_imageUpdate.,img_marinecute/先月号のなかよしのプレゼントに応募したら当たった…！.
『なかよし』8月号。,http://img.ly/system/uploads/008/424/941/original_imageUpdate.,img_marinecute/『なかよし』8月号。.
100円ショップにマナりつ色の写真立てがあった。,http://img.ly/system/uploads/008/448/386/original_imageUpdate.,img_marinecute/100円ショップにマナりつ色の写真立てがあった。.
Google の Cardboard で遊んでたけど、すごく面白い。初めてゲームで遊んだ時みたいにわくわくする。,http://img.ly/system/uploads/008/448/909/original_imageUpdate.,img_marinecute/Google の Cardboard で遊んでたけど、すごく面白い。初めてゲームで遊んだ時みたいにわくわくする。.
スタンプラリーのスタンプ4つ。,http://img.ly/system/uploads/008/446/735/original_imageUpdate.,img_marinecute/スタンプラリーのスタンプ4つ。.
ダイソーで売っていたドキプリの鉛筆キャップ。,http://img.ly/system/uploads/008/356/092/original_imageUpdate.,img_marinecute/ダイソーで売っていたドキプリの鉛筆キャップ。.
指人形のようにして遊べる。,http://img.ly/system/uploads/008/356/127/original_imageUpdate.,img_marinecute/指人形のようにして遊べる。.
リボンとぐらさん。,http://img.ly/system/uploads/008/472/789/original_imageUpdate.,img_marinecute/リボンとぐらさん。.
「夜空にきらめく希望の星スイング」があったから3回回したら、特に欲しかった3つが揃った。,http://img.ly/system/uploads/008/472/774/original_imageUpdate.,img_marinecute/「夜空にきらめく希望の星スイング」があったから3回回したら、特に欲しかった3つが揃った。.
『なかよし』7月号。,http://img.ly/system/uploads/008/360/615/original_imageUpdate.,img_marinecute/『なかよし』7月号。.
「夜空にきらめく希望の星スイング」があったから3回回したら、特に欲しかった3つが揃った。,http://img.ly/system/uploads/008/472/772/original_imageUpdate.,img_marinecute/「夜空にきらめく希望の星スイング」があったから3回回したら、特に欲しかった3つが揃った。.
13番目のマーニー。,http://img.ly/system/uploads/008/465/186/original_imageUpdate.,img_marinecute/13番目のマーニー。.
ハミィが…。,http://img.ly/system/uploads/008/360/917/xoriginal_imageUpdate..pagespeed.ic.ewTGe9cKKA.jpg,img_marinecute/ハミィが…。.jpg
ふたご先生の漫画を読む。,http://img.ly/system/uploads/008/362/598/xoriginal_imageUpdate..pagespeed.ic.4-lncvXyo5.jpg,img_marinecute/ふたご先生の漫画を読む。.jpg
メルマガでゆうゆうが誠司くんって読んでる。,http://img.ly/system/uploads/008/369/995/xoriginal_imageUpdate..pagespeed.ic.EToMRF_vI1.png,img_marinecute/メルマガでゆうゆうが誠司くんって読んでる。.png
アニメージュのポスター。,http://img.ly/system/uploads/008/376/950/xoriginal_imageUpdate..pagespeed.ic.Ez-5iNADeG.jpg,img_marinecute/アニメージュのポスター。.jpg
TSUTAYAにあったので2ヶ月ぶりのミュージカルショーを見る。,http://img.ly/system/uploads/008/392/757/xoriginal_imageUpdate..pagespeed.ic.XNTQJOQ_Q-.jpg,img_marinecute/TSUTAYAにあったので2ヶ月ぶりのミュージカルショーを見る。.jpg
かわいい。,http://img.ly/system/uploads/008/392/772/xoriginal_vlcsnap-2014-06-18-22h33m40s206.png.pagespeed.ic.gRC9D99NEq.jpg,img_marinecute/かわいい。.jpg
舞台中央で抱き合ってるマナりつ。,http://img.ly/system/uploads/008/392/808/xoriginal_vlcsnap-2014-06-18-22h49m34s156.png.pagespeed.ic.ezTKpEKivI.jpg,img_marinecute/舞台中央で抱き合ってるマナりつ。.jpg
久しぶりにガチャポンをしたらまだリボンが出た。,http://img.ly/system/uploads/008/407/775/xoriginal_imageUpdate..pagespeed.ic.kvryxr8G-I.jpg,img_marinecute/久しぶりにガチャポンをしたらまだリボンが出た。.jpg
岡田カラーのテント。,http://img.ly/system/uploads/008/412/736/xoriginal_imageUpdate..pagespeed.ic.XHj7tDP5IX.jpg,img_marinecute/岡田カラーのテント。.jpg
次はゆうゆうの駅。,http://img.ly/system/uploads/008/296/524/xoriginal_imageUpdate..pagespeed.ic.JpZtMo6qcp.jpg,img_marinecute/次はゆうゆうの駅。.jpg
プリキュアチョコ。,http://img.ly/system/uploads/008/310/590/xoriginal_imageUpdate..pagespeed.ic.mb4j1-O_ju.jpg,img_marinecute/プリキュアチョコ。.jpg
夕ごはんの前だけど、いただいたお菓子を食べます。いただきます。,http://img.ly/system/uploads/008/296/843/xoriginal_imageUpdate..pagespeed.ic.FJW9lQkvHJ.jpg,img_marinecute/夕ごはんの前だけど、いただいたお菓子を食べます。いただきます。.jpg
メロディ。,http://img.ly/system/uploads/008/307/400/xoriginal_imageUpdate..pagespeed.ic._EoE_LiW4h.jpg,img_marinecute/メロディ。.jpg
繊維街のお店で買ったぬりえとよくできましたシール。,http://img.ly/system/uploads/008/297/197/xoriginal_imageUpdate..pagespeed.ic.gl4UDUFzHt.jpg,img_marinecute/繊維街のお店で買ったぬりえとよくできましたシール。.jpg
,http://img.ly/system/uploads/008/301/542/xoriginal_imageUpdate..pagespeed.ic.L8e9SGmPNG.jpg,img_marinecute/.jpg
,http://img.ly/system/uploads/008/312/297/xoriginal_imageUpdate..pagespeed.ic.3X59h2jExd.jpg,img_marinecute/.jpg
,http://img.ly/system/uploads/008/312/302/xoriginal_imageUpdate..pagespeed.ic.Pem6CDCPVs.jpg,img_marinecute/.jpg
,http://img.ly/system/uploads/008/325/168/xoriginal_imageUpdate..pagespeed.ic.3DXpM7fz2E.jpg,img_marinecute/.jpg
プリキュアチョコ。,http://img.ly/system/uploads/008/312/329/xoriginal_IMG_20140512_164313.jpg.pagespeed.ic.eWzXYY1pVW.jpg,img_marinecute/プリキュアチョコ。.jpg
めぐみに応援される誠ひめ…。,http://img.ly/system/uploads/008/339/131/xoriginal_imageUpdate..pagespeed.ic.clXTqNbDwV.png,img_marinecute/めぐみに応援される誠ひめ…。.png
マナちゃんのフィギュアが届いた…！,http://img.ly/system/uploads/008/352/471/xoriginal_imageUpdate..pagespeed.ic.ZcqP9FDXoY.jpg,img_marinecute/マナちゃんのフィギュアが届いた…！.jpg
ピエロゆうゆう。,http://img.ly/system/uploads/008/271/444/original_%E3%82%B9%E3%82%AF%E3%83%AA%E3%83%BC%E3%83%B3%E3%82%B7%E3%83%A7%E3%83%83%E3%83%88%202014-04-25%2019.02.20.png,img_marinecute/ピエロゆうゆう。.png
探偵ゆうゆう。,http://img.ly/system/uploads/008/271/439/original_%E3%82%B9%E3%82%AF%E3%83%AA%E3%83%BC%E3%83%B3%E3%82%B7%E3%83%A7%E3%83%83%E3%83%88%202014-04-25%2019.02.32.png,img_marinecute/探偵ゆうゆう。.png
プリンセスゆうゆう。,http://img.ly/system/uploads/008/271/469/original_screenshot_E47B8F21-5CA9-489D-B50C-FB0E1A5B06E0.png,img_marinecute/プリンセスゆうゆう。.png
通知がなくて気が付かなかったのだけれど、土曜日にはLINEでこんなメッセージが来ていたんだね…。,http://img.ly/system/uploads/008/278/429/xoriginal_precure-line-2014-04-26.png.pagespeed.ic.Ej085umlO_.png,img_marinecute/通知がなくて気が付かなかったのだけれど、土曜日にはLINEでこんなメッセージが来ていたんだね…。.png
リボン「ちょこちょこしてくださいな」,http://img.ly/system/uploads/008/292/946/xoriginal_imageUpdate..pagespeed.ic.xKGIcpcXpn.jpg,img_marinecute/リボン「ちょこちょこしてくださいな」.jpg
できた。,http://img.ly/system/uploads/008/295/113/xoriginal_imageUpdate..pagespeed.ic.el-DxVWLZE.jpg,img_marinecute/できた。.jpg
ツツジの花の蜜は甘い。,http://img.ly/system/uploads/008/288/646/xoriginal_imageUpdate..pagespeed.ic.Sivt8JRvqD.jpg,img_marinecute/ツツジの花の蜜は甘い。.jpg
ふたりは四つ葉プリキュア,http://img.ly/system/uploads/008/293/012/xoriginal_imageUpdate..pagespeed.ic.vehHcS6IMX.jpg,img_marinecute/ふたりは四つ葉プリキュア.jpg
去年、ビンいっぱいに集めてビンづめにしていた桜。すっかりドライフラワーになって今でもふたを開けると甘酸っぱい良い香りがする。,http://img.ly/system/uploads/008/284/266/xoriginal_imageUpdate..pagespeed.ic.aBtUgEF1T1.jpg,img_marinecute/去年、ビンいっぱいに集めてビンづめにしていた桜。すっかりドライフラワーになって今でもふたを開けると甘酸っぱい良い香りがする。.jpg
今日の夕ごはんはコロッケ。,http://img.ly/system/uploads/008/285/469/xoriginal_imageUpdate..pagespeed.ic.KsIwk7ApRg.jpg,img_marinecute/今日の夕ごはんはコロッケ。.jpg
NewStage3のハニー(第8話OPより),http://img.ly/system/uploads/008/246/239/original_hacha-08-op-honey-concatenated.png,img_marinecute/NewStage3のハニー(第8話OPより).png
おもちゃ屋さんの隅っこで70%OFFになっていたので買ってきた。,http://img.ly/system/uploads/008/264/970/original_imageUpdate.,img_marinecute/おもちゃ屋さんの隅っこで70%OFFになっていたので買ってきた。.
ひびかな,http://img.ly/system/uploads/008/215/107/xoriginal_IMG_20140330_143826.jpg.pagespeed.ic._B09Q6Qkgu.jpg,img_marinecute/ひびかな.jpg
ツバメ発見。,http://img.ly/system/uploads/008/220/791/original_imageUpdate.,img_marinecute/ツバメ発見。.
公園の桜の花と蕾。,http://img.ly/system/uploads/008/213/302/xoriginal_imageUpdate..pagespeed.ic.FfWQz5WMtl.jpg,img_marinecute/公園の桜の花と蕾。.jpg
雨が降っているから会場が野外ステージからサニーコートに変更されてる。,http://img.ly/system/uploads/008/213/708/original_imageUpdate.,img_marinecute/雨が降っているから会場が野外ステージからサニーコートに変更されてる。.
スイート組の後ろ姿。,http://img.ly/system/uploads/008/214/051/original_imageUpdate.,img_marinecute/スイート組の後ろ姿。.
2階のおともだちに手を振る六花ちゃんと、マナちゃんとまこぴー。,http://img.ly/system/uploads/008/214/101/original_imageUpdate.,img_marinecute/2階のおともだちに手を振る六花ちゃんと、マナちゃんとまこぴー。.
マナりつ,http://img.ly/system/uploads/008/215/091/xoriginal_IMG_20140330_143833.jpg.pagespeed.ic.P71Q--gJ6W.jpg,img_marinecute/マナりつ.jpg
マナりつ on,http://img.ly/system/uploads/008/226/574/original_imageUpdate.,img_marinecute/マナりつ on.
ハチャプリミュージカルショーのチラシを配ってた。,http://img.ly/system/uploads/008/227/304/original_imageUpdate.,img_marinecute/ハチャプリミュージカルショーのチラシを配ってた。.
氷川丸。氷川いおなと関係があるのだろうか…。,http://img.ly/system/uploads/008/227/793/original_imageUpdate.,img_marinecute/氷川丸。氷川いおなと関係があるのだろうか…。.
外国人墓地にいた猫さん。柵の向こうにたくさんいた。,http://img.ly/system/uploads/008/228/732/original_IMG_20140405_180050.jpg,img_marinecute/外国人墓地にいた猫さん。柵の向こうにたくさんいた。.jpg
今のところはプリンセスの衣装以降は出ないみたい。しばらくしたら追加されるかもしれないし、もっとポイントが必要なのかもしれないけれど。,http://img.ly/system/uploads/008/231/147/original_%E6%9C%9D%E6%97%A5%E6%94%BE%E9%80%81%EF%BD%9C%E3%83%8F%E3%83%92%E3%82%9A%E3%83%8D%E3%82%B9%E3%83%81%E3%83%A3%E3%83%BC%E3%82%B7%E3%82%99%E3%83%95%E3%82%9A%E3%83%AA%E3%82%AD%E3%83%A5%E3%82%A2%EF%BC%81%EF%BD%9C%E3%82%B3%E3%83%BC%E3%83%86%E3%82%99%E3%82%A3%E3%83%8D%E3%83%BC%E3%83%88%E3%83%BB%E3%82%B3%E3%83%AC%E3%82%AF%E3%82%B7%E3%83%A7%E3%83%B3%202014-04-04%2003-59-11.png,img_marinecute/今のところはプリンセスの衣装以降は出ないみたい。しばらくしたら追加されるかもしれないし、もっとポイントが必要なのかもしれないけれど。.png
Lance(Nexus5)のデスクトップのデザインを新しくしてみた。ラケルが「どれにしようかなケル〜」ってアプリを選んでるイメージ。(プリキュアオンラインの壁紙 + Smart Launcher + Peek Icon Pack),http://img.ly/system/uploads/008/191/816/original_imageUpdate.,img_marinecute/Lance(Nexus5)のデスクトップのデザインを新しくしてみた。ラケルが「どれにしようかなケル〜」ってアプリを選んでるイメージ。(プリキュアオンラインの壁紙 + Smart Launcher + Peek Icon Pack).
手芸屋さんでハチャプリワッペンを発見。,http://img.ly/system/uploads/008/192/243/original_imageUpdate.,img_marinecute/手芸屋さんでハチャプリワッペンを発見。.
3回目。,http://img.ly/system/uploads/008/195/461/original_imageUpdate.,img_marinecute/3回目。.
,http://img.ly/system/uploads/008/199/352/xoriginal_imageUpdate..pagespeed.ic.EJXLMZZ_AX.jpg,img_marinecute/.jpg
ドキプリごほうびシール。もったいなくて使えなかったけれど、やっぱりごほうびにシールが貰えたら嬉しいからコピーして使ってみることにする。,http://img.ly/system/uploads/008/204/264/original_imageUpdate.,img_marinecute/ドキプリごほうびシール。もったいなくて使えなかったけれど、やっぱりごほうびにシールが貰えたら嬉しいからコピーして使ってみることにする。.
すごい…！ Googleさんが舞台挨拶のチケットを買った時にGmailに届いたメールを自動的に分析して、出発時刻とルートを案内してくれた。,http://img.ly/system/uploads/008/180/397/original_imageUpdate.,img_marinecute/すごい…！ Googleさんが舞台挨拶のチケットを買った時にGmailに届いたメールを自動的に分析して、出発時刻とルートを案内してくれた。.
プリキュア新聞。,http://img.ly/system/uploads/008/186/419/original_imageUpdate.,img_marinecute/プリキュア新聞。.
よくできましたシール＋台紙のレプリカ。,http://img.ly/system/uploads/008/204/377/xoriginal_imageUpdate..pagespeed.ic.CNbN9DfWVs.jpg,img_marinecute/よくできましたシール＋台紙のレプリカ。.jpg
よくできましたシールが1セットできた。こんなによくできてしまっていいのだろうかという気になる…。,http://img.ly/system/uploads/008/204/406/xoriginal_imageUpdate..pagespeed.ic.LvR8uDnPbf.jpg,img_marinecute/よくできましたシールが1セットできた。こんなによくできてしまっていいのだろうかという気になる…。.jpg
誠司くん「日々のつみ重ねですから」,http://img.ly/system/uploads/008/204/722/xoriginal_vlcsnap-2014-03-26-06h25m52s134.png.pagespeed.ic.8xukqs6vDL.jpg,img_marinecute/誠司くん「日々のつみ重ねですから」.jpg
よくできましたシールはハッピーセットのロゼッタのドレッサー？に入れることにした。,http://img.ly/system/uploads/008/206/241/xoriginal_imageUpdate..pagespeed.ic.wLtvkLllC8.jpg,img_marinecute/よくできましたシールはハッピーセットのロゼッタのドレッサー？に入れることにした。.jpg
去年の4月21日に作った桃まん。久しぶりにまた桃まんを作りたいね。,http://img.ly/system/uploads/008/213/028/original_imageUpdate.,img_marinecute/去年の4月21日に作った桃まん。久しぶりにまた桃まんを作りたいね。.
ゆりさんはかっこいい。,http://img.ly/system/uploads/008/135/503/xoriginal_imageUpdate..pagespeed.ic.nbAxbeToXr.png,img_marinecute/ゆりさんはかっこいい。.png
おジャ魔女どれみの小説(ドラマCD付き)が届いてた…！,http://img.ly/system/uploads/008/153/283/xoriginal_imageUpdate..pagespeed.ic.VMBxBFMEX4.jpg,img_marinecute/おジャ魔女どれみの小説(ドラマCD付き)が届いてた…！.jpg
幸せハピネス。,http://img.ly/system/uploads/008/143/881/original_imageUpdate.,img_marinecute/幸せハピネス。.
材料のハート。,http://img.ly/system/uploads/008/134/765/original_imageUpdate.,img_marinecute/材料のハート。.
キュアハッピー。,http://img.ly/system/uploads/008/151/440/original_imageUpdate.,img_marinecute/キュアハッピー。.
なかよし4月号。,http://img.ly/system/uploads/008/161/554/original_imageUpdate.,img_marinecute/なかよし4月号。.
ハチャプリのOP,http://img.ly/system/uploads/008/143/867/original_vlcsnap-2014-02-27-02h24m50s190.png,img_marinecute/ハチャプリのOP.png
アニメージュ2014年4月号表紙。,http://img.ly/system/uploads/008/163/912/original_animage-2014-03-front.png,img_marinecute/アニメージュ2014年4月号表紙。.png
ふたご先生のドキプリ漫画が届いた！！,http://img.ly/system/uploads/008/165/127/xoriginal_imageUpdate..pagespeed.ic.biUnmqr04N.jpg,img_marinecute/ふたご先生のドキプリ漫画が届いた！！.jpg
ハチャプリのCDを買いに来たショッピングモールのフードコートがプリキュアで飾り付けられていた。,http://img.ly/system/uploads/008/168/257/xoriginal_imageUpdate..pagespeed.ic.4c3WElRdrb.jpg,img_marinecute/ハチャプリのCDを買いに来たショッピングモールのフードコートがプリキュアで飾り付けられていた。.jpg
ふたご先生のブルー様はイケメンだった。,http://img.ly/system/uploads/008/161/609/xoriginal_imageUpdate..pagespeed.ic.3_fOrC7-7U.jpg,img_marinecute/ふたご先生のブルー様はイケメンだった。.jpg
今日のメルマガ。「ぜったいムリムリムリ〜！」って六花ちゃんじゃない(笑)。,http://img.ly/system/uploads/008/102/723/xoriginal_imageUpdate..pagespeed.ic.Q7_0dRyusP.png,img_marinecute/今日のメルマガ。「ぜったいムリムリムリ〜！」って六花ちゃんじゃない(笑)。.png
NewStage3のジャケットがかわいい。,http://img.ly/system/uploads/008/174/301/xoriginal_imageUpdate..pagespeed.ic.OriivTInz4.jpg,img_marinecute/NewStage3のジャケットがかわいい。.jpg
ドキプリのおもちゃが30%offになってて、おしゃべりラケルたちは50%offのさらに30%offで700円になってる。,http://img.ly/system/uploads/008/101/305/xoriginal_imageUpdate..pagespeed.ic.Q_tbEjLMXD.jpg,img_marinecute/ドキプリのおもちゃが30%offになってて、おしゃべりラケルたちは50%offのさらに30%offで700円になってる。.jpg
マナりつ。,http://img.ly/system/uploads/008/120/271/xoriginal_imageUpdate..pagespeed.ic.B7FOylIAVo.jpg,img_marinecute/マナりつ。.jpg
まこあり。,http://img.ly/system/uploads/008/120/403/xoriginal_imageUpdate..pagespeed.ic.vVu7j_Tves.jpg,img_marinecute/まこあり。.jpg
今日のおやつはプロキュアスナック。,http://img.ly/system/uploads/008/122/325/xoriginal_imageUpdate..pagespeed.ic.Mu47N3cMtq.jpg,img_marinecute/今日のおやつはプロキュアスナック。.jpg
裏面にプリキュアクイズがある。,http://img.ly/system/uploads/008/122/334/xoriginal_imageUpdate..pagespeed.ic.qTMb3FT5h9.jpg,img_marinecute/裏面にプリキュアクイズがある。.jpg
裏面にプリキュアクイズがある。,http://img.ly/system/uploads/008/122/335/xoriginal_imageUpdate..pagespeed.ic.c30DCRtF4F.jpg,img_marinecute/裏面にプリキュアクイズがある。.jpg
裏面にプリキュアクイズがある。,http://img.ly/system/uploads/008/122/336/xoriginal_imageUpdate..pagespeed.ic.K-MZpr1wmk.jpg,img_marinecute/裏面にプリキュアクイズがある。.jpg
裏面にプリキュアクイズがある。,http://img.ly/system/uploads/008/122/337/xoriginal_imageUpdate..pagespeed.ic.fQHWYHDeB9.jpg,img_marinecute/裏面にプリキュアクイズがある。.jpg
はがきを書いた。,http://img.ly/system/uploads/008/133/682/xoriginal_imageUpdate..pagespeed.ic.hQkL41oQzD.jpg,img_marinecute/はがきを書いた。.jpg
五ッ星図書館。,http://img.ly/system/uploads/008/133/736/xoriginal_vlcsnap-2014-02-22-16h50m51s115.png.pagespeed.ic.FtoW1RnF0-.jpg,img_marinecute/五ッ星図書館。.jpg
♥,http://img.ly/system/uploads/008/134/762/xoriginal_imageUpdate..pagespeed.ic.WSXDAdi9us.jpg,img_marinecute/♥.jpg
Legoランスちゃん,"http://img.ly/system/uploads/008/092/865/xoriginal_,PE3,P82,PB9,PE3,P82,PAF,PE3,P83,PAA,PE3,P83,PBC,PE3,P83,PB3,PE3,P82,PB7,PE3,P83,PA7,PE3,P83,P83,PE3,P83,P88,P202014-02-05,P206.42.54.png.pagespeed.ic.bBnQRvIfVF.jpg",img_marinecute/Legoランスちゃん.jpg
,http://img.ly/system/uploads/008/097/372/original_honey-icon-android-ios.png,img_marinecute/.png
ふたご先生のハチャプリ第1話。,http://img.ly/system/uploads/008/090/159/original_media-20140203.jpg,img_marinecute/ふたご先生のハチャプリ第1話。.jpg
HaCha#01(10:51),http://img.ly/system/uploads/008/098/371/xoriginal_vlcsnap-2014-02-07-07h04m54s59.png.pagespeed.ic.l6hQpWHaES.jpg,img_marinecute/HaCha#01(10:51).jpg
Legoランスちゃん下書き,http://img.ly/system/uploads/008/092/880/original_%E3%82%B9%E3%82%AF%E3%83%AA%E3%83%BC%E3%83%B3%E3%82%B7%E3%83%A7%E3%83%83%E3%83%88%202014-02-05%206.58.34.png,img_marinecute/Legoランスちゃん下書き.png
,http://img.ly/system/uploads/008/099/338/xoriginal_imageUpdate..pagespeed.ic.aqnMXjh348.jpg,img_marinecute/.jpg
Twitter新アイコン,http://img.ly/system/uploads/008/099/737/xoriginal_mana-twitter-icon.png.pagespeed.ic.QbAgFPJftB.png,img_marinecute/Twitter新アイコン.png
with asterisks,http://img.ly/system/uploads/008/099/789/xoriginal_mana-twitter-icon-with-asterisk.png.pagespeed.ic.WoEarw90YJ.png,img_marinecute/with asterisks.png
DCDの新バージョンが稼働してた。,http://img.ly/system/uploads/008/100/392/xoriginal_imageUpdate..pagespeed.ic.8EjpbAvT8i.jpg,img_marinecute/DCDの新バージョンが稼働してた。.jpg
3人目のプリキュアはやよいちゃん。,http://img.ly/system/uploads/008/100/397/xoriginal_imageUpdate..pagespeed.ic.952xu3Oc9x.jpg,img_marinecute/3人目のプリキュアはやよいちゃん。.jpg
DCD上のポップ。,http://img.ly/system/uploads/008/100/395/xoriginal_imageUpdate..pagespeed.ic.-rQKTALQNE.jpg,img_marinecute/DCD上のポップ。.jpg
お砂糖でできた砂漠にいるつもりになるとすごく楽しい…！,http://img.ly/system/uploads/008/101/218/xoriginal_imageUpdate..pagespeed.ic.sIixhDh24R.jpg,img_marinecute/お砂糖でできた砂漠にいるつもりになるとすごく楽しい…！.jpg
,http://img.ly/system/uploads/008/038/543/xoriginal_IMG_20140111_203640.jpg.pagespeed.ic.G5-hLOE_84.jpg,img_marinecute/.jpg
一番くじＣ賞のハートステージフィギュアと、D賞のグラス。,http://img.ly/system/uploads/008/084/209/xoriginal_imageUpdate..pagespeed.ic.Sc7uq4KJj3.jpg,img_marinecute/一番くじＣ賞のハートステージフィギュアと、D賞のグラス。.jpg
おひろめカーニバルのポスター。,http://img.ly/system/uploads/008/083/915/xoriginal_imageUpdate..pagespeed.ic.IQq-dEEcBR.jpg,img_marinecute/おひろめカーニバルのポスター。.jpg
マナめぐのプロモカードももらえた。,http://img.ly/system/uploads/008/084/216/xoriginal_imageUpdate..pagespeed.ic.ij-8lvACyh.jpg,img_marinecute/マナめぐのプロモカードももらえた。.jpg
『ハピネスチャージプリキュアおひろめカーニバル』で配布されていた講談社のフライヤ(表)。,http://img.ly/system/uploads/008/085/413/xoriginal_precure-10th-books-flyer-top-2000.jpg.pagespeed.ic.06zN9qZzBt.jpg,img_marinecute/『ハピネスチャージプリキュアおひろめカーニバル』で配布されていた講談社のフライヤ(表)。.jpg
『ハピネスチャージプリキュアおひろめカーニバル』で配布されていた講談社のフライヤ(裏)。,http://img.ly/system/uploads/008/085/414/xoriginal_precure-10th-books-flyer-back-2000.jpg.pagespeed.ic.jFqhMRABAz.jpg,img_marinecute/『ハピネスチャージプリキュアおひろめカーニバル』で配布されていた講談社のフライヤ(裏)。.jpg
今日のメルマガ。,http://img.ly/system/uploads/008/086/285/xoriginal_imageUpdate..pagespeed.ic.eT3wDWeI8f.png,img_marinecute/今日のメルマガ。.png
応援する。,http://img.ly/system/uploads/008/086/323/original_imageUpdate.,img_marinecute/応援する。.
諦めかけていたけれど、オークションで100円で手に入れられてラッキーでした。DCDを入れるのにぴったりなサイズです。そしてかわいい。,http://img.ly/system/uploads/008/087/771/xoriginal_imageUpdate..pagespeed.ic.7LdXgXi-aw.jpg,img_marinecute/諦めかけていたけれど、オークションで100円で手に入れられてラッキーでした。DCDを入れるのにぴったりなサイズです。そしてかわいい。.jpg
ランスちゃん3兄弟。,http://img.ly/system/uploads/008/087/764/xoriginal_imageUpdate..pagespeed.ic.SDIMT1_jTr.jpg,img_marinecute/ランスちゃん3兄弟。.jpg
マナりつカードスリーブ。,http://img.ly/system/uploads/008/087/994/xoriginal_mana-ritsu-card-sleeve.jpeg.pagespeed.ic.nze1xLnI9t.jpg,img_marinecute/マナりつカードスリーブ。.jpg
,http://img.ly/system/uploads/008/018/001/xoriginal_IMG_20131231_051005.jpg.pagespeed.ic.rkKcVfEVIn.jpg,img_marinecute/.jpg
,http://img.ly/system/uploads/008/019/853/xoriginal_IMG_20131230_053928.jpg.pagespeed.ic.THSIIkTFEg.jpg,img_marinecute/.jpg
,"http://img.ly/system/uploads/008/088/547/xoriginal_,PE3,P82,PB9,PE3,P82,PAF,PE3,P83,PAA,PE3,P83,PBC,PE3,P83,PB3,PE3,P82,PB7,PE3,P83,PA7,PE3,P83,P83,PE3,P83,P88,P202014-02-03,P201.34.06.png.pagespeed.ic.OmB-aZlihB.png",img_marinecute/.png
,http://img.ly/system/uploads/008/016/277/xoriginal_Screenshot_2014-01-01-16-31-50.png.pagespeed.ic.DxT2lZSk0w.png,img_marinecute/.png
今日も、マナりつクッキーをいくつか作ってみました。,http://img.ly/system/uploads/008/012/305/xoriginal_IMG_20131231_042108.jpg.pagespeed.ic.yIeSp7zdsI.jpg,img_marinecute/今日も、マナりつクッキーをいくつか作ってみました。.jpg
ふたご先生のマナりつに色塗り。,http://img.ly/system/uploads/008/009/156/xoriginal_hutago-12-04-colorized.png.pagespeed.ic.VTZgbACmWF.jpg,img_marinecute/ふたご先生のマナりつに色塗り。.jpg
今日も、マナりつクッキーをいくつか作ってみました。,http://img.ly/system/uploads/008/012/306/xoriginal_IMG_20131231_043356.jpg.pagespeed.ic.ZX8IrqWRX6.jpg,img_marinecute/今日も、マナりつクッキーをいくつか作ってみました。.jpg
,http://img.ly/system/uploads/008/019/854/xoriginal_IMG_20131230_054214.jpg.pagespeed.ic.Lvv2u6h9n4.jpg,img_marinecute/.jpg
,http://img.ly/system/uploads/008/022/680/xoriginal_IMG_20140104_112116.jpg.pagespeed.ic.9v9-Eumvkz.jpg,img_marinecute/.jpg
,http://img.ly/system/uploads/008/022/682/xoriginal_IMG_20140104_095545.jpg.pagespeed.ic.1JKAoxF-pE.jpg,img_marinecute/.jpg
,http://img.ly/system/uploads/008/023/796/xoriginal_IMG_20140104_164650.jpg.pagespeed.ic.awoGHSs87g.jpg,img_marinecute/.jpg
,http://img.ly/system/uploads/008/023/795/xoriginal_IMG_20140104_163558.jpg.pagespeed.ic.2EFLPR-B0-.jpg,img_marinecute/.jpg
ふたご先生のポストカードでランスちゃんに踏まれて>_<なラケルがかわいい。,http://img.ly/system/uploads/007/952/312/original_06%20-%201.jpg,img_marinecute/ふたご先生のポストカードでランスちゃんに踏まれて>_<なラケルがかわいい。.jpg
,http://img.ly/system/uploads/008/036/508/xoriginal_imageUpdate..pagespeed.ic.3MYy_VLJdZ.jpg,img_marinecute/.jpg
,http://img.ly/system/uploads/007/954/114/original_IMG_20131208_032044.jpg,img_marinecute/.jpg
,http://img.ly/system/uploads/007/964/276/xoriginal_IMG_20131212_010320.jpg.pagespeed.ic.BGc8kIrTqT.jpg,img_marinecute/.jpg
,http://img.ly/system/uploads/007/984/506/xoriginal_IMG_20131220_120718.jpg.pagespeed.ic.RxqEWzXm8O.jpg,img_marinecute/.jpg
ぶとうかいカードとじょしかいカードをつなげてみました。,http://img.ly/system/uploads/007/965/179/xoriginal_dcd-6-calender-card-integrated.png.pagespeed.ic.pJA6ao7TYe.png,img_marinecute/ぶとうかいカードとじょしかいカードをつなげてみました。.png
『ドキドキ！プリキュア』第2話「この幸せの王子！」,http://img.ly/system/uploads/007/993/742/original_%E3%82%B9%E3%82%AF%E3%83%AA%E3%83%BC%E3%83%B3%E3%82%B7%E3%83%A7%E3%83%83%E3%83%88%202013-12-24%204.25.55.png,img_marinecute/『ドキドキ！プリキュア』第2話「この幸せの王子！」.png
,http://img.ly/system/uploads/008/006/128/original_IMG_20131221_190504.jpg,img_marinecute/.jpg
,http://img.ly/system/uploads/008/008/991/original_IMG_20131230_030630.jpg,img_marinecute/.jpg
,http://img.ly/system/uploads/006/965/064/original_vlcsnap-2013-03-07-22h18m38s48.png,img_marinecute/.png
,http://img.ly/system/uploads/006/969/817/original_vlcsnap-2013-03-08-17h34m19s221.png,img_marinecute/.png
ふたご先生の漫画のマナりつに色塗り。,http://img.ly/system/uploads/008/009/136/original_hutago-12-04-colorized.png,img_marinecute/ふたご先生の漫画のマナりつに色塗り。.png
,http://img.ly/system/uploads/008/001/781/original_IMG_20131227_024405.jpg,img_marinecute/.jpg
,http://img.ly/system/uploads/008/003/593/original_IMG_20131228_003426.jpg,img_marinecute/.jpg
DVD Vol.9のジャケットは、たぶん、早く支度をしたマナが六花を迎えに行くところ。,http://img.ly/system/uploads/007/996/684/original_vlcsnap-2013-12-25-02h50m48s222.png,img_marinecute/DVD Vol.9のジャケットは、たぶん、早く支度をしたマナが六花を迎えに行くところ。.png
,http://img.ly/system/uploads/006/977/352/xoriginal_yosoku-henkan-rikka.png.pagespeed.ic.rW-DLxNsV-.png,img_marinecute/.png
『映画 ドキドキ！プリキュア』のチラシの表。,http://img.ly/system/uploads/007/586/059/original_dodoria-movie-flyer-front-gaussian-blur-1200x1700.jpg,img_marinecute/『映画 ドキドキ！プリキュア』のチラシの表。.jpg
『映画 ドキドキ！プリキュア』のチラシの裏。,http://img.ly/system/uploads/007/586/064/original_dodoria-movie-flyer-back-gaussian-1200x1700.jpg,img_marinecute/『映画 ドキドキ！プリキュア』のチラシの裏。.jpg
Test,http://img.ly/system/uploads/007/906/934/original_image.jpg,img_marinecute/Test.jpg
壁紙レジーナ。,http://img.ly/system/uploads/007/912/840/xoriginal_Screenshot_2013-11-22-17-00-10.png.pagespeed.ic.1Np7QEDbeD.jpg,img_marinecute/壁紙レジーナ。.jpg
,http://img.ly/system/uploads/007/922/662/original_IMG_20131126_160734.jpg,img_marinecute/.jpg
,http://img.ly/system/uploads/007/944/743/original_IMG_20131204_190428.jpg,img_marinecute/.jpg
,http://img.ly/system/uploads/007/950/779/xoriginal_IMG_20131207_011422.jpg.pagespeed.ic.KpTteZOP3T.jpg,img_marinecute/.jpg
